Project,Maker(s),Category,Featured,Overview,Scope,Materials,Fabrication Steps,Outcome,Image Folder Path,Url,Notes
18th Century Coat Replica,Philip Miu,"Props, Costumes & Art",FALSE,"Historically detailed 18th-century coat replica focused on historical garment reconstruction, textile sourcing, precision pattern design, and specialized tailoring.","Historical pattern drafting, material sourcing, structural tailoring, and allocation of funding for specialized textile supplies.","• Historically appropriate textiles (wool or similar period fabric)
 • Lining fabric
 • Thread, buttons, and period-appropriate trim/hardware
 • Pattern paper for drafting","1. Research the target period's coat construction and silhouette.
 2. Draft a custom pattern based on historical references and the wearer's measurements.
 3. Source period-appropriate textiles and trim.
 4. Cut the fabric pieces according to the pattern.
 5. Construct the coat using period-appropriate tailoring techniques (structured interlining, hand-finished details where applicable).
 6. Fit and adjust the coat, then finish with buttons and trim.
 7. Photograph the completed coat and document with video.",Successfully constructed a complete 18th-century coat replica with detailed photography and a video presentation.,images/Tiny Project 2026/Coat Pictures,,
3lb Combat Robot for NHRL,Lucas Dion,Robotics,FALSE,"Lightweight competition combat robot developed with WPI MakerBucks support, engineered through CAD modeling and finite element analysis for NHRL competition.","Concept development, CAD modeling, material selection and simulation, manufacturing and assembly, and pre-competition testing.","• Structural and mechanical components selected and validated through FEA
 • Drive motors and a weapon motor
 • Electronic speed controllers (ESCs)
 • Batteries (carefully rated to match motor/ESC requirements)
 • Wiring and electrical insulation","1. Define the concept: competition weight class, safety requirements, and general design approach.
 2. Model the complete robot in CAD.
 3. Run simulation and finite element analysis (FEA) to guide material selection and validate structural strength under expected combat loads.
 4. Manufacture components and assemble the robot.
 5. Test the assembled robot's drive and weapon systems, and prepare for competition.","Delivered a fully operational 3lb combat robot with functioning drivetrain and weapon system, ready for NHRL competition.",images/Tiny Project 2026/Development of a 3lb Combat Robot for NHRL Competition,,
ABV Meter,Leo Shraybman,"Electronics & Hardware, Science & Sensors",FALSE,"Portable alcohol-by-volume (ABV) meter developed with WPI MakerBucks support, combining a custom capacitive sensor with a 3D-printed enclosure.","Capacitance-based sensing circuit design, custom coaxial capacitor fabrication, microcontroller integration, and enclosure design for portability.","• Arduino Uno R3
 • A custom coaxial capacitor (3D-printed frame plus cut sheet metal), used as the sensing element
 • Heat-shrink tubing (to waterproof the capacitor's inner rod) and a heat gun
 • A small OLED display
 • 3D-printed enclosure/housing
 • A portable USB power bank
 • Breadboard, jumper wires, and basic RC-circuit components (resistor/capacitor) for the capacitance-sensing circuit","1. Build a simple capacitance-measurement circuit on a small breadboard, sized to eventually fit inside a portable 3D-printed housing.
 2. Attempt to use a dedicated capacitance-measurement chip; abandon it after finding its pins too fine-pitched to hand-solder reliably.
 3. Fall back to a simpler approach: test both a 555-oscillator circuit and a basic RC circuit for capacitance sensing — the RC circuit proves more effective for this use case.
 4. Fabricate a custom coaxial capacitor via 3D printing and metal cutting, sized to be dipped into a liquid sample.
 5. Waterproof the capacitor's inner rod with heat-shrink tubing (applied with a heat gun) so it can be safely submerged in liquid.
 6. Interface the capacitor and RC circuit with an Arduino Uno R3, and write C++ code to read the measurement.
 7. Design and 3D print a housing for all the electronics.
 8. Add a small OLED display, interfaced with the Arduino, to show the calculated ABV reading.
 9. Assemble all components into the housing, paying close attention to wire routing and internal space (wires take up more room than expected).
 10. Wire the assembly to a portable USB power bank for standalone, battery-powered operation.
 11. Build a calibration graph relating measured capacitance to known ABV values, and implement that calibration curve in the Arduino's C++ code.","Delivered a working portable ABV measurement device, with future plans to consolidate electronics onto a custom PCB for a more compact design.",images/Tiny Project 2026/ABV Meter,,
Battlebots for Competition,"Kekoto Maane, Azura Simsek & Klejvi Gjoni",Robotics,Fasle,"Competition combat robot developed with WPI MakerBucks support for entry into the National Havoc Robot League (NHRL), built as part of an MQP.","Iterative design brainstorming, parts sourcing, in-house part fabrication, robot assembly, and pre-competition testing.","• UHMW (ultra-high-molecular-weight polyethylene) structural material
 • AR500 steel (armor/structural plate)
 • Bolts and lock-nuts
 • Batteries
 • Motors and weapon-system hardware (drive and weapon motors, speed controllers, per typical combat-robot builds)","1. Brainstorm candidate robot designs as a team, meeting several times a week to iterate.
 2. Refine the design through multiple iterations until it's finalized.
 3. Order parts and materials, including UHMW, AR500, bolts, lock-nuts, and batteries.
 4. Machine custom parts in-house using campus machine shop tools, rather than outsourcing, to keep costs down.
 5. Assemble the complete 12lb combat robot.
 6. Test the robot's drive system and weapon.
 7. Iron out issues found during testing ahead of competition day.","Delivered a fully assembled 12lb combat robot ready for competition at the NHRL, with in-house fabrication helping the team stay within budget.",images/Tiny Project 2026/Battlebots for Competition,,
Custom Door Handle Flashlight,Kaden L.,"Design & Fabrication, Electronics & Hardware",TRUE,"Door handle with an integrated flashlight developed with WPI MakerBucks support, combining custom electronics with compact mechanical packaging.","Electronics housing design, rotary-encoder-based lighting controls, component stacking and integration, and functional testing.","• A 3D-printed PLA sleeve (electronics housing)
 • A rotary encoder (for on/off click and brightness dimming)
 • A single 18650 lithium-ion cell
 • A microcontroller
 • An LED ring (attempted; not fully functional in v1)
 • A capacitive touch sensor (attempted; not fully functional in v1)
 • A donor door handle (for reference and final mounting)","1. Research how a standard flashlight is put together (components and layout) to establish a working reference design.
 2. Design the internal electronics housing to fit inside a door-handle form factor.
 3. Choose a rotary encoder to serve double duty: click for on/off, twist for brightness dimming.
 4. Stack all electronics — microcontroller, driver circuitry, main LED, ring light, and battery holder — inside a single 3D-printed PLA sleeve.
 5. Wire a single 18650 cell to power the microcontroller, main light, and LED ring.
 6. Press-fit and glue the stacked components together inside the sleeve for the version-1 build.
 7. Test all functions: the main light and dimming worked as intended; the ring light and capacitive touch sensor did not work reliably in this version.","Delivered a working proof-of-concept flashlight handle, with an aluminum-machined version planned to improve durability and thermal performance.",images/Tiny Project 2026/Custom Door handle,,
Custom Leatherworking Project,Philip Miu,"Props, Costumes & Art",FALSE,"Custom leather goods project focused on hand craftsmanship, material sourcing, and developing practical leatherworking techniques.","Material selection, leather craft, design execution, and allocation of funding for supplies and tooling.","• Leather (hide, cut to pattern)
 • Leatherworking tools (cutting, stitching, edge-finishing tools)
 • Hardware/fasteners as needed for the specific piece (rivets, buckles, thread)","1. Choose the leather good to make and sketch or pattern its design.
 2. Source appropriate leather and confirm quantity/quality against the pattern.
 3. Cut the leather pieces to the pattern.
 4. Stitch and assemble the piece by hand, using appropriate leatherworking tools.
 5. Finish edges and add any hardware (rivets, buckles, etc.).
 6. Inspect the finished piece and document with photos and video.",Completed functional custom leather pieces with photo documentation and a video project showcase.,images/Tiny Project 2026/Custom Leatherworking Project,,
DEA Makers Lightsaber Prototype,Peter Story & Alex Knox,"Props, Costumes & Art, Electronics & Hardware",FALSE,"Custom functional lightsaber replica developed with WPI MakerBucks support, focusing on prop design, hardware integration, and rapid prototyping.","Custom hilt design, component integration, assembly, and allocation of funds for materials and 3D printing.","• Custom 3D-printed hilt components
 • Integrated electronic components (likely LED and/or sound elements, based on typical lightsaber-prop builds)
 • Fasteners and internal mounting hardware","1. Design the hilt in CAD, planning internal space for electronics.
 2. 3D print the hilt components.
 3. Source and integrate the electronic hardware (lighting/sound, per design).
 4. Assemble the electronics into the printed hilt.
 5. Finish and detail the hilt's exterior.
 6. Test the completed prop and document with photos and video.",Successfully constructed a functional prototype with visual documentation and a video demonstration.,images/Tiny Project 2026/Lightsaber,,
Drone Localization in 3D Space (UWB),Tair Kareneyev,"Robotics, Electronics & Hardware",TRUE,"Ultra-wideband (UWB) indoor localization system developed with WPI MakerBucks support, proving out real-time 3D tracking as a foundation for future drone swarm applications.","UWB anchor network setup and calibration, wireless telemetry development, real-time trilateration software, and signal-filtering optimization.","• 4x ESP32 microcontrollers (one per anchor)
 • 4x DW1000 UWB anchor modules
 • 1x ESP32 + DW1000 UWB tag module (the object being localized)
 • A local WiFi network (for UDP telemetry from the tag)
 • A laptop or PC running a custom Python backend","1. Set up a 4-anchor, 1-tag UWB network using ESP32 microcontrollers paired with DW1000 modules.
 2. Switch the UWB radios into a high-speed, high-frequency polling mode for rapid distance measurements.
 3. Manually calibrate each anchor's antenna delay offset over a known 6-meter reference distance, reducing per-anchor ranging error to under 5 cm.
 4. Program the tag to transmit raw distance readings wirelessly to a laptop over UDP via WiFi.
 5. Write a Python backend (using SciPy's least-squares solver) to compute the tag's real-time 3D position via trilateration from the four anchor distances.
 6. Apply a two-stage filter to the position output — a median filter to reject RF multipath spikes, followed by an exponential moving average — to smooth the tracked trajectory.
 7. Arrange the four anchors in a diagonal zig-zag pattern (two on the floor, two elevated, on opposite diagonals) to stabilize vertical (Z-axis) position estimates.
 8. Build a real-time 3D dashboard to visualize the tracked position.","Achieved real-time 3D tracking accurate to roughly 12 cm in the horizontal plane and 30 cm vertically, validating the concept ahead of planned outdoor and drone-mounted testing.",images/Tiny Project 2026/Drone localization in 3d space,,
Electric Motor Spinner Heat Vent,John Cassell,Engineering & Testing,FALSE,"Experimental electric aircraft motor developed with WPI MakerBucks support, exploring heat dissipation through a specially designed vented spinner.","Motor and spinner design for improved thermal venting, fabrication and assembly, and thermal performance testing.","• Motor components (stator, rotor, and standard motor hardware)
 • A custom-fabricated, vented spinner geometry
 • Supporting mounting hardware","1. Design a spinner geometry with venting intended to actively move heat away from the motor.
 2. Fabricate the custom spinner and integrate it with the motor assembly.
 3. Assemble the complete motor with the vented spinner installed.
 4. Run the motor under load and measure/observe temperature behavior, comparing against a standard (non-vented) spinner if possible.
 5. Document the venting performance on video.","Successfully demonstrated effective heat venting through the spinner design, with future work planned around vapor chambers and alternate spinner geometries.",images/Tiny Project 2026/Electric motor that vents heat through its spinner to reduce heat drag in electric aircraft,,
Engine Dynamometer Test Rig,Harrison Brown,Engineering & Testing,FALSE,"Engine dynamometer prototype designed to collect engine performance data for future experimental projects, including development of a hybrid-electric go-kart.","Hardware design, material sourcing, structural fabrication, and data collection setup for small engine testing.","• Structural materials for the rig frame
 • Hardware (fasteners, mounts) to secure the test engine
 • Data-collection components/sensors for measuring engine output","1. Design the dynamometer frame and mounting layout for the target test engine.
 2. Source structural materials and hardware.
 3. Fabricate the frame and mounting points.
 4. Install the load/braking mechanism used to apply resistance to the engine.
 5. Integrate sensors and a data-collection setup to record engine performance metrics.
 6. Mount the test engine to the rig and run initial calibration tests.
 7. Collect and document engine performance data.",Delivered a functional dynamometer testing rig with media assets and invoice documentation.,images/Tiny Project 2026/Engine Dynamometer Test Rig,,
FLICKER 3D Printer Prototype,Jakub Jandus,Design & Fabrication,FALSE,"Custom 3D printer prototype exploring printer architecture, open-frame electronics testing, and structural trade-offs in rapid prototyping.","Custom 3D printer build, open-frame systems verification, electronics integration, and planned acrylic enclosure expansion.","• 3D-printed and structural frame components
 • Printer electronics (mainboard, stepper motors, drivers — implied by a custom 3D printer build)
 • Planned (not yet installed) acrylic panels for a future enclosure","1. Design the printer's frame and motion system architecture.
 2. Source or fabricate structural components for the open frame.
 3. Install and wire the electronics (mainboard, steppers, drivers, hotend/bed electronics).
 4. Verify all systems (motion, heating, electronics) function correctly in the open-frame configuration.
 5. Calibrate and run test prints to validate printer performance.
 6. Document the printer's current open-frame state and note enclosure panels as a planned future addition once systems are fully verified and acrylic funding is secured.",Delivered a functional 3D printer prototype operating in an open-frame configuration with photo assets and a video demonstration.,images/Tiny Project 2026/Flickers,,
Mastersword,Peter Story & Team,"Props, Costumes & Art, Electronics & Hardware",TRUE,"Custom LED-illuminated sword prop developed with WPI MakerBucks support, combining CAD-designed 3D-printed components with gyroscope-reactive lighting effects.","Three-layer blade design and fabrication, custom PCB development for LED control, gyroscope/accelerometer integration, and hilt finishing and detailing.","• PLA filament (outer blade shell)
 • TPU filament (inner blade core, holds and cushions the LED strip)
 • Polycarbonate tubing, 3/4"" outer diameter (middle alignment layer)
 • Individually addressable LED strip
 • MPU6050 gyroscope/accelerometer module
 • Arduino Pro Mini
 • Custom PCB (ordered from JLCPCB, purple soldermask to match the hilt)
 • Purple gloss spray paint (e.g., Rustoleum 2X Gloss, ""Grape"")
 • Gold acrylic paint
 • Clear matte topcoat (e.g., Rustoleum Clear Matte)
 • Shoelaces (for the handle wrap detail) and superglue","1. Design the blade and hilt in CAD (Onshape), planning a three-layer blade cross-section: PLA shell, polycarbonate middle tube, TPU inner core.
 2. Segment the blade and hilt into printable sections sized to fit both personal and Makerspace printers; print the hilt as a single piece where possible.
 3. Design a custom PCB to host the Arduino Pro Mini and MPU6050 gyroscope/accelerometer, optimizing for compact electronics space; order it from JLCPCB in a color matching the hilt.
 4. Program the Arduino Pro Mini to read motion data from the gyroscope/accelerometer and drive individually addressable LEDs with motion-reactive effects (e.g., a flicker effect tied to swing motion, plus a rainbow cycle mode).
 5. Prime and paint the hilt: a purple gloss base coat, hand-painted gold acrylic accents on the gem and handle end (painted separately from the blade connector to avoid sticking), then a clear matte topcoat to seal the finish.
 6. Add the handle's wrap detail: cut shoelaces to length, seal the cut ends with a lighter to prevent fraying, then lattice-wrap and superglue them around the hilt.
 7. Final-assemble the blade layers, electronics, and finished hilt into the complete sword.","Completed a fully assembled, motion-reactive illuminated sword prop with custom electronics and refined cosmetic finishing.",images/Tiny Project 2026/Masterswords,,
Permanent Magnet Levitation,Irakli Bakuradze,"Science & Sensors, Engineering & Testing",FALSE,"Experimental permanent-magnet levitation platform developed with WPI MakerBucks support, investigating the physical limits of static magnetic levitation.","Magnetic layout design, force modeling and optimization in Python, and physical prototyping of magnet arrays and support frames.","• Neodymium magnets
 • Cardboard (for the initial test array)
 • A 3D-printed triangular holder frame (PLA)
 • A Python environment (for simulation and optimization)","1. Study the magnetic surface-charge force model as a more intuitive alternative to working directly with Maxwell's equations.
 2. Hand-design several candidate magnet array layouts on paper.
 3. Build a simple physical prototype — a cardboard array of neodymium magnets — to build real intuition for how the magnets actually behave (a step worth doing earlier next time).
 4. Write a Python simulation of the repulsive forces between magnets, and run a gradient-descent optimizer to search for a stable, levitating layout.
 5. Interpret the simulation results: they didn't predict free levitation, since for this type of layout the net force integrated over all positions works out to zero — meaning a floating platform would need to be constrained to specific regions rather than fully free-floating.
 6. Design and 3D print a triangular holder frame based on the simulated layout.
 7. Test the physical setup: as predicted, free-float levitation was not achieved, but the platform did levitate once a few degrees of freedom were mechanically constrained.","Confirmed that free-floating levitation is not achievable with this configuration, consistent with Earnshaw's theorem, while constrained-motion levitation was demonstrated successfully.",images/Tiny Project 2026/Permanent Magnet Levitation,,
RF Light Art (Campus Spectrum Display),Mary S.,"Electronics & Hardware, Props, Costumes & Art",TRUE,"Real-time electromagnetic spectrum visualization installation developed with WPI MakerBucks support, translating invisible campus radio activity into a glowing LED light display.","Software-defined radio signal capture, custom driver development, FFT-based signal processing, and LED matrix hardware integration.","• RTL-SDR Blog V4 software-defined radio receiver
 • Raspberry Pi 4
 • Adafruit RGB Matrix Bonnet
 • HUB75 LED matrix panel
 • Frosted acrylic panel (light diffuser)
 • A PC for initial development (WSL2 with USB passthrough)","1. Research software-defined radio options and select the RTL-SDR Blog V4 as the receiver hardware.
 2. Set up a WSL2 environment on Windows with USB passthrough, to develop and test the SDR software pipeline before the Raspberry Pi arrived.
 3. Build custom V4 drivers from source, since the stock librtlsdr library lacked V4-specific functions — this required manually patching pyrtlsdr.
 4. Implement an FFT (Fast Fourier Transform) pipeline in Python (NumPy) to extract per-frequency-band power levels from the raw radio samples.
 5. Add per-band relative normalization so weak signals (e.g., ADS-B aircraft transponders, EMS/emergency-pager bands) stay visible on the display alongside much stronger signals (e.g., FM radio).
 6. Apply exponential smoothing to the processed signal to eliminate LED flicker caused by noisy raw FFT output.
 7. Wire an Adafruit RGB Matrix Bonnet to a Raspberry Pi 4 and connect a HUB75 LED matrix panel.
 8. Work around broken Python bindings for the rpi-rgb-led-matrix library by writing a custom C program that acts as a ""pixel server,"" accepting pixel data over stdin.
 9. Build a circular glow-rendering system where each frequency band renders as a colored circle whose radius and brightness scale with that band's live signal strength, mounted behind a frosted acrylic diffuser panel.","Delivered a functioning, continuously updating light art installation reflecting real-time campus radio activity, with plans to find it a permanent home in the ECE building.",images/Tiny Project 2026/RF Light Art,,
Robotic Arm,Kaden Ly,"Robotics, Electronics & Hardware",TRUE,"Custom 3D-printed robotic arm developed with WPI MakerBucks support, focusing on iterative CAD design, precision tolerancing, and stepper-driven joint actuation.","Iterative prototyping of arm joints, clearance and tolerance testing, stepper motor integration, and development of forward-kinematics control software.","• 3D-printed structural/joint components (from CAD)
 • Stepper motors (one or more per joint)
 • Stepper motor drivers (1/8 microstepping)
 • Gear reduction hardware (roughly 50:1 reduction at the joints)
 • Microcontroller and wiring for motor control","1. Design the arm and its joints in CAD, including the gear reduction (roughly 50:1) needed at each joint.
 2. 3D print individual parts and test clearance, tolerance, and overall size before committing to a full build.
 3. Expect (and plan for) multiple print iterations — small CAD tweaks can mean a full 5–6 hour reprint each time tolerances need adjusting.
 4. Assemble and test the first complete joint (Joint 2) for range of motion.
 5. Install stepper motors and 1/8-microstep drivers at each joint.
 6. Wire the motors to a microcontroller and write basic motor-control code.
 7. Test full-arm movement, including lifting and presenting a small object (e.g., a soda can).
 8. Diagnose and address stepper ""slip"" under high torque when the arm is fully extended, which can cause the calculated end-effector position to drift from its real position.
 9. Implement forward kinematics so the arm can be commanded to specific joint angles.
 10. (Next step) Add computer vision and inverse kinematics so the arm can operate more autonomously.","Functional multi-joint arm capable of lifting and presenting objects under forward-kinematics control, with inverse kinematics and vision integration planned as next steps.",images/Tiny Project 2026/Robotic Arm,,
ROV Submarine Chassis,Zirun Yang,"Robotics, Engineering & Testing",FALSE,Competition-grade ROV submarine chassis developed with WPI MakerBucks support for the team's first entry into the international MATE ROV underwater robotics competition.,"Design and fabrication of a pressure-resistant hull and mechanical chassis, power distribution board development, and control system programming.","• 3D-printed pressure-bearing hull and chassis components
 • A custom power distribution board (PDB) and associated electronics
 • Control system hardware (microcontroller/computer, per the ROV's RBE/CS control stack)
 • Waterproofing/sealing hardware for the hull
 • A test tank or pool for water testing","1. Design the pressure-resistant hull and mechanical chassis in CAD.
 2. Select 3D-printing parameters — notably infill rate — to balance pressure resistance against weight and print time.
 3. 3D print the hull and chassis components.
 4. Design and build a power distribution board (PDB) to manage the ROV's onboard electrical system.
 5. Develop the ROV's control system software.
 6. Assemble the hull, chassis, PDB, and control electronics into a complete unit, sealing all pressure-critical joints.
 7. Conduct prototype water testing to confirm the hull withstands water pressure and the full system operates as intended.","Successfully completed prototype water testing, with the chassis withstanding water pressure as designed.",images/Tiny Project 2026/ROV Submarine -- Chassis,,
Singing Wineglass Robot,Kyle Mitchell,Robotics,FALSE,Automated robot exploring acoustic robotics and mechanical tuning by driving controlled friction across wineglass rims to produce musical tones.,"Acoustic iteration, mechanical design, and tuning of sponge pressure, moisture levels, air density, and structural rigidity.","• Wineglasses (tuned by fill level or size, one per note)
 • Mechanical drive components for rim-friction actuation
 • Sponge or contact material for the rim interface
 • Structural frame/components for rigidity","1. Select wineglasses and determine their individual resonant notes.
 2. Design and build a mechanism that drives a sponge or contact material around each glass's rim with controlled pressure.
 3. Mount the mechanism(s) in a rigid frame — structural rigidity strongly affects tone quality.
 4. Tune each glass individually: adjust sponge pressure, sponge dampness, rim dampness, and the air density/volume ratio inside the glass until it reliably sings its note.
 5. Attempt to run multiple glasses simultaneously and identify cross-glass interference or timing issues.
 6. Document which combinations of pressure/moisture/rigidity settings produced the most reliable single-glass tone, for future multi-glass tuning work.",Successfully demonstrated pitch control across individual glasses with complete media documentation and technical reflections.,images/Tiny Project 2026/Singing Wineglass Robot,,
Splitflap PCB,Kaden Ly,Electronics & Hardware,FALSE,"Custom-designed PCB for a split-flap display module, developed with WPI MakerBucks support, covering schematic design, board layout, and assembly.","Circuit prototyping, PCB schematic and layout design in KiCad, component sourcing, board assembly, and multi-unit soldering and integration.","• Custom PCB, matte black finish (ordered from JLCPCB)
 • Electronic components sourced from Digikey (microcontroller, motor driver components, screw terminals)
 • Small motors to drive the flap mechanism (one per board)
 • JST connectors (for inter-board/component communication)
 • Basic soldering tools and supplies","1. Prototype the split-flap driver circuit on a breadboard to confirm the concept works.
 2. Turn the proven breadboard circuit into a schematic in KiCad.
 3. Lay out the PCB in KiCad's PCB editor, selecting final components and footprints.
 4. Order the boards from JLCPCB with a matte black finish.
 5. Source the remaining components from Digikey.
 6. Solder together a single PCB first, and test that the microcontroller can properly drive the motor before committing to the full batch.
 7. Once verified, solder the remaining boards (eight total), laying them out together for efficient assembly.
 8. Crimp JST connectors for inter-board and component communication.
 9. Mount each finished PCB to the back of its corresponding flap unit to drive the motor, and assemble the full set.","Successfully assembled and tested eight custom PCBs to drive split-flap motor units, completing a functional custom electronics build.",images/Tiny Project 2026/Splitflap PCB,,
Star Wars Clone Trooper Helmet,Phil Miu,"Props, Costumes & Art",FALSE,"Custom full-scale Clone Trooper helmet replica created with WPI MakerBucks support, focusing on 3D printing, surface finishing, and assembly.","3D printing, post-processing, assembly, and budget management for project fabrication supplies.","• 3D-printed helmet shell segments
 • Surface-finishing supplies (filler, primer, sandpaper)
 • Paint and clear coat
 • Assembly hardware/adhesive to join printed segments","1. Source or prepare a 3D-printable Clone Trooper helmet model, split into segments sized for the available printer bed.
 2. Print all helmet segments.
 3. Sand, fill, and smooth print lines and layer seams on each segment.
 4. Join the segments into a complete helmet shell.
 5. Prime, paint, and clear-coat the assembled helmet in the correct color scheme.
 6. Fit-check the helmet and document the finished prop with photos and video.",Successfully created a completed Clone Trooper helmet prop with media documentation and a video demonstration.,images/Tiny Project 2026/Clone Helemt,,
Suitcase Maze Game,Benjamin Levy,"Props, Costumes & Art, Design & Fabrication",TRUE,"Interactive cooperative art game developed with WPI MakerBucks support, transforming a vintage suitcase into a maze-navigation experience.","Prototyping and gameplay design, laser-cutting and hand-assembly of a maze enclosure, and integration of the suitcase's wheels as a communication interface.","• Plywood and acrylic sheet (laser-cut)
 • Wood glue and epoxy
 • A vintage suitcase (repurposed for its built-in wheels)
 • A magnet and a metal ball (the maze ""piece"")
 • A clip-on light (to highlight the suitcase wheel mechanism)
 • A rotary tool (Dremel)
 • Printed rule sheets and envelopes (for player-specific instructions)","1. Build a rough cardboard-and-paper prototype first, to validate that the core two-player, communication-limited gameplay concept was actually fun and workable.
 2. Attend a Makerspace design consultation to settle on final materials and construction methods (plywood and acrylic, both laser-cuttable, light and cheap).
 3. Laser-cut the maze box's base panel and wall segments; when flipping the base panel to engrave the second side caused misalignment, switch to hand-drawing that grid with graphite and a ruler instead of engraving it.
 4. Glue the wall segments to the base panel by hand — the wall geometry made clamping impossible, so each wall was aligned and held by hand during gluing (a slow process, roughly 6 hours).
 5. Seal the top of the maze box with a clear acrylic panel, glued on with epoxy.
 6. Laser-cut and hand-assemble a stand for the maze box using the same cut-and-glue method as the walls, then attach the stand to the box.
 7. Modify the suitcase: use a rotary tool to cut a hole exposing the suitcase's built-in wheels from behind, then mount a clip-on light aimed at the wheel to draw attention to it as the game's communication interface.
 8. Write and print separate rule sheets for the Observer and Controller roles, sealing each in its own envelope so players can't accidentally read the other role's instructions ahead of time.","Completed ""Wayne Can't Make the Journey Alone,"" a fully functional cooperative game showcased at three public exhibitions.",images/Tiny Project 2026/Suitcase Maze Game,,
Thunderhawk Transporter,Anthony P.,Design & Fabrication,FALSE,"Large-scale 3D-printed Warhammer 40k model developed with WPI MakerBucks support, focusing on multi-part print scaling and structural assembly.","Digital model scaling and slicing, multi-part print segmentation, support removal and finishing, and structural assembly.","• 3D-printed plastic parts (model split into 4 separate prints)
 • Gorilla Glue (structural adhesive for assembly)
 • Duct tape (temporary bracing during glue cure)
 • Tweezers and hobby tools (support removal)
 • Sandpaper and hobby knives (for future finishing/cleanup)","1. Source a digital 3D model of the vehicle and scale it in slicing software (Bambu Studio) to match the proportions of existing miniatures.
 2. Split the model into four separate parts to fit the printer's build plate, given the model's overall size.
 3. Re-slice and reassign the correct printer profile after discovering the initial file was generated for a different printer model.
 4. Get the print approved for overnight printing given its size, then queue and run the print.
 5. Once printed, remove support structures using tweezers and hobby tools.
 6. Assemble the four printed parts using Gorilla Glue, taping and bracing the large, bulky pieces against a wall and table for 2–3 hours while the glue set (assembled in two stages to make handling easier).
 7. Use a temporary stand-in (a cup) for a flight stand until a dedicated one is designed and built.","Completed the largest model in the maker's personal collection, successfully assembled and used in a live tabletop gaming session.",images/Tiny Project 2026/Thunderhawk Transporter,,
Truck Tent Prototype,Jakob Sperry,Design & Fabrication,FALSE,"Custom truck tent prototype focused on outdoor gear design, practical spatial fitting, material selection, and structural support for vehicle-integrated shelter.","Custom enclosure design, vehicle fitting, material sourcing, and budget allocation for structural supplies and fabrication.","• Tent fabric/material (weather-resistant)
 • Structural supports (poles or frame members)
 • Fasteners and attachment hardware for mounting to the truck bed
 • Seam-sealing or weatherproofing supplies","1. Measure the target truck bed and cab clearance to establish the tent's dimensions.
 2. Design the tent's shape and structural support layout for a vehicle-integrated fit.
 3. Source tent fabric and structural support materials.
 4. Cut and sew (or otherwise assemble) the tent body.
 5. Build and attach the structural supports.
 6. Mount and test-fit the tent on the truck bed.
 7. Weatherproof seams and document with photos and video.",Delivered a completed working prototype with photo documentation and a video submission.,images/Tiny Project 2026/Truck Tent,,
Universal Remote Prototype,Joseph Nixon,"Electronics & Hardware, Robotics",FALSE,"Custom universal remote control prototype developed with WPI MakerBucks support, focusing on functional enclosure design, rapid prototyping, and cost-conscious material selection.","Hardware enclosure design, component integration, and prototype testing for universal remote functionality.","• 3D-printed PETG enclosure (switched from nylon for cost reasons)
 • Remote-control electronics/components (IR emitter, microcontroller, buttons — per the enclosure's internal layout)
 • Fasteners for enclosure assembly","1. Define the functional requirements for the universal remote (buttons, IR range, form factor).
 2. Design the enclosure in CAD, planning internal component layout and clearances.
 3. Select an initial print material (nylon) and evaluate cost against the project budget.
 4. Switch the print material to PETG after nylon proved too costly to sustain through design iterations.
 5. 3D print the enclosure and iterate on fit and durability.
 6. Integrate and wire the internal electronics into the printed enclosure.
 7. Test the assembled remote for functionality and document with photos and a video demonstration.",Working prototype completed with documented media assets and a video demonstration for the WPI MakerBucks Showcase.,images/Tiny Project 2026/Universal Remote,,